{"cameraMode":{"drawMode":0,"name":"Shaded","section":"Shading Mode"},"sceneLighting":true,"audioPlay":false,"sceneViewState":{"m_AlwaysRefresh":false,"showFog":true,"showSkybox":true,"showFlares":true,"showImageEffects":true,"showParticleSystems":true,"showVisualEffectGraphs":true,"m_FxEnabled":true},"in2DMode":false,"pivot":{"x":391.8800048828125,"y":0.6998952627182007,"z":296.0610046386719},"rotation":{"x":0.14083972573280335,"y":-0.19990657269954682,"z":0.029035409912467004,"w":0.9692210555076599},"size":15.722264289855957,"orthographic":true}