{"cameraMode":{"drawMode":0,"name":"Shaded","section":"Shading Mode"},"sceneLighting":true,"audioPlay":false,"sceneViewState":{"m_AlwaysRefresh":false,"showFog":true,"showSkybox":true,"showFlares":true,"showImageEffects":true,"showParticleSystems":true,"showVisualEffectGraphs":true,"m_FxEnabled":true},"in2DMode":false,"pivot":{"x":391.8800048828125,"y":0.6998952627182007,"z":296.0610046386719},"rotation":{"x":0.07431399822235108,"y":-0.12739095091819764,"z":0.009572072885930539,"w":0.9890192151069641},"size":2.713160514831543,"orthographic":true}