{"cameraMode":{"drawMode":0,"name":"Shaded","section":"Shading Mode"},"sceneLighting":true,"audioPlay":false,"sceneViewState":{"m_AlwaysRefresh":false,"showFog":true,"showSkybox":true,"showFlares":true,"showImageEffects":true,"showParticleSystems":true,"showVisualEffectGraphs":true,"m_FxEnabled":true},"in2DMode":false,"pivot":{"x":399.56634521484377,"y":1.0454387664794922,"z":335.8440246582031},"rotation":{"x":0.0218720193952322,"y":0.05036810785531998,"z":-0.0010901022469624878,"w":0.9985275268554688},"size":512.3524169921875,"orthographic":true}