{"cameraMode":{"drawMode":0,"name":"Shaded","section":"Shading Mode"},"sceneLighting":true,"audioPlay":false,"sceneViewState":{"m_AlwaysRefresh":false,"showFog":true,"showSkybox":true,"showFlares":true,"showImageEffects":true,"showParticleSystems":true,"showVisualEffectGraphs":true,"m_FxEnabled":true},"in2DMode":false,"pivot":{"x":555.9986572265625,"y":203.33766174316407,"z":135.95970153808595},"rotation":{"x":0.33321279287338259,"y":-0.3793969750404358,"z":0.14868219196796418,"w":0.8502572178840637},"size":40.03287124633789,"orthographic":true}