{"cameraMode":{"drawMode":0,"name":"Shaded","section":"Shading Mode"},"sceneLighting":true,"audioPlay":false,"sceneViewState":{"m_AlwaysRefresh":false,"showFog":true,"showSkybox":true,"showFlares":true,"showImageEffects":true,"showParticleSystems":true,"showVisualEffectGraphs":true,"m_FxEnabled":true},"in2DMode":false,"pivot":{"x":433.8535461425781,"y":0.12719053030014039,"z":756.0128173828125},"rotation":{"x":0.1264628916978836,"y":-0.10336335748434067,"z":0.013255506753921509,"w":0.9864881038665772},"size":62.390113830566409,"orthographic":true}