{"cameraMode":{"drawMode":0,"name":"Shaded","section":"Shading Mode"},"sceneLighting":true,"audioPlay":false,"sceneViewState":{"m_AlwaysRefresh":false,"showFog":true,"showSkybox":true,"showFlares":true,"showImageEffects":true,"showParticleSystems":true,"showVisualEffectGraphs":true,"m_FxEnabled":true},"in2DMode":false,"pivot":{"x":399.56634521484377,"y":1.0454387664794922,"z":335.8440246582031},"rotation":{"x":0.07582903653383255,"y":0.005384994670748711,"z":-0.0003965259238611907,"w":0.9971433877944946},"size":489.29656982421877,"orthographic":true}