{"cameraMode":{"drawMode":0,"name":"Shaded","section":"Shading Mode"},"sceneLighting":true,"audioPlay":false,"sceneViewState":{"m_AlwaysRefresh":false,"showFog":true,"showSkybox":true,"showFlares":true,"showImageEffects":true,"showParticleSystems":true,"showVisualEffectGraphs":true,"m_FxEnabled":true},"in2DMode":false,"pivot":{"x":399.56634521484377,"y":1.0454387664794922,"z":335.8440246582031},"rotation":{"x":0.13548292219638825,"y":-0.008024751208722592,"z":0.0011081995908170939,"w":0.9907854795455933},"size":89.06292724609375,"orthographic":true}